{"cameraMode":{"drawMode":0,"name":"Shaded","section":"Shading Mode"},"sceneLighting":false,"audioPlay":false,"sceneViewState":{"showFog":true,"showMaterialUpdate":false,"showSkybox":false,"showFlares":true,"showImageEffects":true,"showParticleSystems":true},"in2DMode":false,"pivot":{"x":0.06722649931907654,"y":0.7539931535720825,"z":0.0431172251701355},"rotation":{"x":0.4795639216899872,"y":0.048654284328222278,"z":-0.026643328368663789,"w":0.8757538795471191},"size":0.9366073608398438,"orthographic":false}