{"cameraMode":{"drawMode":0,"name":"Shaded","section":"Shading Mode"},"sceneLighting":false,"audioPlay":false,"sceneViewState":{"showFog":true,"showMaterialUpdate":false,"showSkybox":false,"showFlares":true,"showImageEffects":true,"showParticleSystems":true},"in2DMode":false,"pivot":{"x":-0.08210715651512146,"y":1.271877646446228,"z":-0.13596844673156739},"rotation":{"x":-0.011708680540323258,"y":0.7044594287872315,"z":-0.011624641716480255,"w":-0.7095524668693543},"size":1.165923833847046,"orthographic":true}