{"cameraMode":{"drawMode":0,"name":"Shaded","section":"Shading Mode"},"sceneLighting":false,"audioPlay":false,"sceneViewState":{"showFog":true,"showMaterialUpdate":false,"showSkybox":false,"showFlares":true,"showImageEffects":true,"showParticleSystems":true},"in2DMode":false,"pivot":{"x":-0.08210715651512146,"y":1.271877646446228,"z":-0.13596844673156739},"rotation":{"x":-0.0004318317514844239,"y":0.9988077878952026,"z":-0.047979630529880527,"w":-0.008989525958895684},"size":1.165923833847046,"orthographic":true}