{"cameraMode":{"drawMode":0,"name":"Shaded","section":"Shading Mode"},"sceneLighting":true,"audioPlay":false,"sceneViewState":{"showFog":true,"showMaterialUpdate":false,"showSkybox":true,"showFlares":true,"showImageEffects":true,"showParticleSystems":true},"in2DMode":false,"pivot":{"x":908.9265747070313,"y":51.960609436035159,"z":705.7100219726563},"rotation":{"x":0.31671664118766787,"y":0.035558585077524188,"z":-0.01188249234110117,"w":0.947780430316925},"size":10.473027229309082,"orthographic":false}