{"cameraMode":{"drawMode":0,"name":"Shaded","section":"Shading Mode"},"sceneLighting":true,"audioPlay":false,"sceneViewState":{"showFog":true,"showMaterialUpdate":false,"showSkybox":true,"showFlares":true,"showImageEffects":true,"showParticleSystems":true},"in2DMode":false,"pivot":{"x":909.5216674804688,"y":52.960819244384769,"z":707.1050415039063},"rotation":{"x":0.19519834220409394,"y":-0.4285278916358948,"z":0.09537740796804428,"w":0.8770226836204529},"size":3.0394175052642824,"orthographic":false}