{"cameraMode":{"drawMode":0,"name":"Shaded","section":"Shading Mode"},"sceneLighting":false,"audioPlay":false,"sceneViewState":{"showFog":true,"showMaterialUpdate":false,"showSkybox":false,"showFlares":true,"showImageEffects":true,"showParticleSystems":true},"in2DMode":false,"pivot":{"x":-0.08210715651512146,"y":1.271877646446228,"z":-0.13596844673156739},"rotation":{"x":-0.052944641560316089,"y":0.6579691767692566,"z":-0.046463869512081149,"w":-0.7497435212135315},"size":3.6617932319641115,"orthographic":true}