{"cameraMode":{"drawMode":0,"name":"Shaded","section":"Shading Mode"},"sceneLighting":true,"audioPlay":false,"sceneViewState":{"showFog":true,"showMaterialUpdate":false,"showSkybox":true,"showFlares":true,"showImageEffects":true,"showParticleSystems":true},"in2DMode":false,"pivot":{"x":457.66009521484377,"y":3.495776653289795,"z":458.30902099609377},"rotation":{"x":0.4423246681690216,"y":-0.41982629895210268,"z":0.24654804170131684,"w":0.7531997561454773},"size":2.334427833557129,"orthographic":false}