{"cameraMode":{"drawMode":0,"name":"Shaded","section":"Shading Mode"},"sceneLighting":false,"audioPlay":false,"sceneViewState":{"showFog":true,"showMaterialUpdate":false,"showSkybox":false,"showFlares":true,"showImageEffects":true,"showParticleSystems":true},"in2DMode":false,"pivot":{"x":-0.010446339845657349,"y":-0.034644484519958499,"z":0.3077120780944824},"rotation":{"x":0.13340388238430024,"y":-0.2792794406414032,"z":0.03921423479914665,"w":0.9500887393951416},"size":1.0021958351135255,"orthographic":false}