{"cameraMode":{"drawMode":0,"name":"Shaded","section":"Shading Mode"},"sceneLighting":true,"audioPlay":false,"sceneViewState":{"showFog":true,"showMaterialUpdate":false,"showSkybox":true,"showFlares":true,"showImageEffects":true,"showParticleSystems":true},"in2DMode":false,"pivot":{"x":457.9266052246094,"y":0.9006084203720093,"z":482.25836181640627},"rotation":{"x":-0.2583063542842865,"y":0.10322272777557373,"z":-0.027770157903432847,"w":-0.9601316452026367},"size":2.458407163619995,"orthographic":false}