{"cameraMode":{"drawMode":0,"name":"Shaded","section":"Shading Mode"},"sceneLighting":false,"audioPlay":false,"sceneViewState":{"showFog":true,"showMaterialUpdate":false,"showSkybox":false,"showFlares":true,"showImageEffects":true,"showParticleSystems":true},"in2DMode":false,"pivot":{"x":457.9386291503906,"y":0.8694584369659424,"z":482.23077392578127},"rotation":{"x":0.10307909548282623,"y":-0.6371414661407471,"z":0.0865403413772583,"w":0.7589045763015747},"size":1.616050124168396,"orthographic":false}