{"cameraMode":{"drawMode":0,"name":"Shaded","section":"Shading Mode"},"sceneLighting":true,"audioPlay":false,"sceneViewState":{"showFog":true,"showMaterialUpdate":false,"showSkybox":true,"showFlares":true,"showImageEffects":true,"showParticleSystems":true},"in2DMode":false,"pivot":{"x":908.9279174804688,"y":51.37477111816406,"z":705.692626953125},"rotation":{"x":-0.3816062808036804,"y":0.03381615877151489,"z":-0.01397223211824894,"w":-0.9236013889312744},"size":36.095733642578128,"orthographic":false}