{"cameraMode":{"drawMode":0,"name":"Shaded","section":"Shading Mode"},"sceneLighting":true,"audioPlay":false,"sceneViewState":{"showFog":true,"showMaterialUpdate":false,"showSkybox":true,"showFlares":true,"showImageEffects":true,"showParticleSystems":true},"in2DMode":false,"pivot":{"x":910.5665893554688,"y":1.1494293212890626,"z":705.1436767578125},"rotation":{"x":-0.043027643114328387,"y":0.954272985458374,"z":-0.24264967441558839,"w":-0.16921573877334596},"size":5.515151023864746,"orthographic":false}