{"cameraMode":{"drawMode":0,"name":"Shaded","section":"Shading Mode"},"sceneLighting":false,"audioPlay":false,"sceneViewState":{"showFog":true,"showMaterialUpdate":false,"showSkybox":false,"showFlares":true,"showImageEffects":true,"showParticleSystems":true},"in2DMode":false,"pivot":{"x":9.5367431640625e-7,"y":0.873903751373291,"z":-0.02284608781337738},"rotation":{"x":0.42806169390678408,"y":0.023041607812047006,"z":-0.010918025858700276,"w":0.9033913016319275},"size":1.1856101751327515,"orthographic":false}