{"cameraMode":{"drawMode":0,"name":"Shaded","section":"Shading Mode"},"sceneLighting":false,"audioPlay":false,"sceneViewState":{"showFog":true,"showMaterialUpdate":false,"showSkybox":false,"showFlares":true,"showImageEffects":true,"showParticleSystems":true},"in2DMode":false,"pivot":{"x":-0.5146181583404541,"y":1.9589765071868897,"z":-0.1357421875},"rotation":{"x":-0.0517829991877079,"y":0.8606934547424316,"z":-0.08940120041370392,"w":-0.49853095412254336},"size":2.6464285850524904,"orthographic":true}