{"cameraMode":{"drawMode":0,"name":"Shaded","section":"Shading Mode"},"sceneLighting":false,"audioPlay":false,"sceneViewState":{"showFog":true,"showMaterialUpdate":false,"showSkybox":false,"showFlares":true,"showImageEffects":true,"showParticleSystems":true},"in2DMode":false,"pivot":{"x":24.72925567626953,"y":1.3567144870758057,"z":11.520347595214844},"rotation":{"x":-0.0784044861793518,"y":-0.49217692017555239,"z":0.04457007348537445,"w":-0.8658121824264526},"size":1.6079950332641602,"orthographic":false}