{"cameraMode":{"drawMode":0,"name":"Shaded","section":"Shading Mode"},"sceneLighting":true,"audioPlay":false,"sceneViewState":{"showFog":true,"showMaterialUpdate":false,"showSkybox":true,"showFlares":true,"showImageEffects":true,"showParticleSystems":true},"in2DMode":false,"pivot":{"x":653.689208984375,"y":-42.057464599609378,"z":875.3624267578125},"rotation":{"x":0.3933662176132202,"y":-0.09297546744346619,"z":0.040024250745773318,"w":0.91379314661026},"size":347.7535705566406,"orthographic":false}