{"cameraMode":{"drawMode":0,"name":"Shaded","section":"Shading Mode"},"sceneLighting":true,"audioPlay":false,"sceneViewState":{"showFog":true,"showMaterialUpdate":false,"showSkybox":true,"showFlares":true,"showImageEffects":true,"showParticleSystems":true},"in2DMode":false,"pivot":{"x":911.1950073242188,"y":52.5186653137207,"z":704.8043212890625},"rotation":{"x":0.0761924758553505,"y":-0.8232342004776001,"z":0.11382021009922028,"w":0.5509539246559143},"size":3.0276927947998049,"orthographic":false}