{"cameraMode":{"drawMode":0,"name":"Shaded","section":"Shading Mode"},"sceneLighting":false,"audioPlay":false,"sceneViewState":{"showFog":true,"showMaterialUpdate":false,"showSkybox":false,"showFlares":true,"showImageEffects":true,"showParticleSystems":true},"in2DMode":false,"pivot":{"x":0.024236619472503663,"y":1.4002065658569337,"z":0.03990970551967621},"rotation":{"x":-0.001662264228798449,"y":0.9966791868209839,"z":-0.07880018651485443,"w":-0.020952347666025163},"size":0.7009190917015076,"orthographic":false}