{"cameraMode":{"drawMode":0,"name":"Shaded","section":"Shading Mode"},"sceneLighting":false,"audioPlay":false,"sceneViewState":{"showFog":true,"showMaterialUpdate":false,"showSkybox":false,"showFlares":true,"showImageEffects":true,"showParticleSystems":true},"in2DMode":false,"pivot":{"x":95.06875610351563,"y":35.23606872558594,"z":-37.616615295410159},"rotation":{"x":0.39186036586761477,"y":-0.4479352533817291,"z":0.22776110470294953,"w":0.7706729173660278},"size":70.71067810058594,"orthographic":false}