{"cameraMode":{"drawMode":0,"name":"Shaded","section":"Shading Mode"},"sceneLighting":false,"audioPlay":false,"sceneViewState":{"showFog":true,"showMaterialUpdate":false,"showSkybox":true,"showFlares":true,"showImageEffects":true,"showParticleSystems":true},"in2DMode":false,"pivot":{"x":910.0792236328125,"y":64.4979019165039,"z":687.7549438476563},"rotation":{"x":0.20614862442016602,"y":-0.5420878529548645,"z":0.13922463357448579,"w":0.8026600480079651},"size":13.608617782592774,"orthographic":false}