{"cameraMode":{"drawMode":0,"name":"Shaded","section":"Shading Mode"},"sceneLighting":false,"audioPlay":false,"sceneViewState":{"showFog":true,"showMaterialUpdate":false,"showSkybox":false,"showFlares":true,"showImageEffects":true,"showParticleSystems":true},"in2DMode":false,"pivot":{"x":500.4458923339844,"y":0.9688925743103027,"z":500.2752685546875},"rotation":{"x":0.24038314819335938,"y":0.17503154277801515,"z":-0.04411550611257553,"w":0.9537477493286133},"size":1.4779843091964722,"orthographic":false}