{"cameraMode":{"drawMode":0,"name":"Shaded","section":"Shading Mode"},"sceneLighting":true,"audioPlay":false,"sceneViewState":{"showFog":true,"showMaterialUpdate":false,"showSkybox":true,"showFlares":true,"showImageEffects":true,"showParticleSystems":true},"in2DMode":false,"pivot":{"x":451.3997497558594,"y":34.30498123168945,"z":477.68328857421877},"rotation":{"x":0.25990569591522219,"y":-0.34320709109306338,"z":0.0994347631931305,"w":0.8970902562141419},"size":8.799440383911133,"orthographic":false}